run,barcode,chrom,sample num reads,batch,run num reads,type numreads threshold,run numreads threshold,type pass,run pass,pass,percentage_type_reads,percentage_run_reads,runBar,TP,pcTP,FP
expt11_150824,34,murine_respirovirus,256,expt11_150824_sup,2979,29.79,58.39,True,True,True,1.0,0.5,expt11_150824_34,False,True,False
expt11_150824,34,zika,168,expt11_150824_sup,3109,31.09,58.39,True,True,True,1.0,0.5,expt11_150824_34,False,True,False
expt11_150824,35,murine_respirovirus,67,expt11_150824_sup,2979,29.79,58.39,True,True,True,1.0,0.5,expt11_150824_35,False,True,False
expt11_150824,36,murine_respirovirus,78,expt11_150824_sup,2979,29.79,58.39,True,True,True,1.0,0.5,expt11_150824_36,False,True,False
expt11_150824,36,zika,94,expt11_150824_sup,3109,31.09,58.39,True,True,True,1.0,0.5,expt11_150824_36,False,True,False
expt11_150824,37,murine_respirovirus,112,expt11_150824_sup,2979,29.79,58.39,True,True,True,1.0,0.5,expt11_150824_37,False,True,False
expt11_150824,37,zika,114,expt11_150824_sup,3109,31.09,58.39,True,True,True,1.0,0.5,expt11_150824_37,False,True,False
expt11_150824,38,SARS-CoV-2,1437,expt11_150824_sup,2409,24.09,58.39,True,True,True,1.0,0.5,expt11_150824_38,True,False,False
expt11_150824,38,murine_respirovirus,151,expt11_150824_sup,2979,29.79,58.39,True,True,True,1.0,0.5,expt11_150824_38,False,True,False
expt11_150824,38,zika,115,expt11_150824_sup,3109,31.09,58.39,True,True,True,1.0,0.5,expt11_150824_38,False,True,False
expt11_150824,39,murine_respirovirus,93,expt11_150824_sup,2979,29.79,58.39,True,True,True,1.0,0.5,expt11_150824_39,False,True,False
expt11_150824,39,zika,87,expt11_150824_sup,3109,31.09,58.39,True,True,True,1.0,0.5,expt11_150824_39,False,True,False
expt11_150824,40,murine_respirovirus,327,expt11_150824_sup,2979,29.79,58.39,True,True,True,1.0,0.5,expt11_150824_40,False,True,False
expt11_150824,40,zika,370,expt11_150824_sup,3109,31.09,58.39,True,True,True,1.0,0.5,expt11_150824_40,False,True,False
expt11_150824,42,murine_respirovirus,126,expt11_150824_sup,2979,29.79,58.39,True,True,True,1.0,0.5,expt11_150824_42,False,True,False
expt11_150824,42,zika,117,expt11_150824_sup,3109,31.09,58.39,True,True,True,1.0,0.5,expt11_150824_42,False,True,False
expt11_150824,45,zika,63,expt11_150824_sup,3109,31.09,58.39,True,True,True,1.0,0.5,expt11_150824_45,False,True,False
expt11_150824,47,murine_respirovirus,75,expt11_150824_sup,2979,29.79,58.39,True,True,True,1.0,0.5,expt11_150824_47,False,True,False
expt11_150824,47,zika,102,expt11_150824_sup,3109,31.09,58.39,True,True,True,1.0,0.5,expt11_150824_47,False,True,False
expt11_150824,48,murine_respirovirus,60,expt11_150824_sup,2979,29.79,58.39,True,True,True,1.0,0.5,expt11_150824_48,False,True,False
expt11_150824,48,zika,60,expt11_150824_sup,3109,31.09,58.39,True,True,True,1.0,0.5,expt11_150824_48,False,True,False
expt11_150824,49,SARS-CoV-2,893,expt11_150824_sup,2409,24.09,58.39,True,True,True,1.0,0.5,expt11_150824_49,True,False,False
expt11_150824,49,zika,72,expt11_150824_sup,3109,31.09,58.39,True,True,True,1.0,0.5,expt11_150824_49,False,True,False
expt11_150824,50,MS2,61,expt11_150824_sup,376,3.76,58.39,True,True,True,1.0,0.5,expt11_150824_50,False,True,False
expt11_150824,50,murine_respirovirus,123,expt11_150824_sup,2979,29.79,58.39,True,True,True,1.0,0.5,expt11_150824_50,False,True,False
expt11_150824,50,zika,136,expt11_150824_sup,3109,31.09,58.39,True,True,True,1.0,0.5,expt11_150824_50,False,True,False
expt11_150824,51,murine_respirovirus,112,expt11_150824_sup,2979,29.79,58.39,True,True,True,1.0,0.5,expt11_150824_51,False,True,False
expt11_150824,51,zika,147,expt11_150824_sup,3109,31.09,58.39,True,True,True,1.0,0.5,expt11_150824_51,False,True,False
expt11_150824,53,murine_respirovirus,63,expt11_150824_sup,2979,29.79,58.39,True,True,True,1.0,0.5,expt11_150824_53,False,True,False
expt11_150824,53,zika,102,expt11_150824_sup,3109,31.09,58.39,True,True,True,1.0,0.5,expt11_150824_53,False,True,False
expt10_03072024,60,murine_respirovirus,194,expt10_03072024_sup,2818,28.18,80.675,True,True,True,1.0,0.5,expt10_03072024_60,False,True,False
expt10_03072024,60,zika,154,expt10_03072024_sup,2299,22.99,80.675,True,True,True,1.0,0.5,expt10_03072024_60,False,True,False
expt10_03072024,63,SARS-CoV-2,2889,expt10_03072024_sup,8646,86.46,80.675,True,True,True,1.0,0.5,expt10_03072024_63,True,False,False
expt10_03072024,63,murine_respirovirus,390,expt10_03072024_sup,2818,28.18,80.675,True,True,True,1.0,0.5,expt10_03072024_63,False,True,False
expt10_03072024,63,zika,292,expt10_03072024_sup,2299,22.99,80.675,True,True,True,1.0,0.5,expt10_03072024_63,False,True,False
expt10_03072024,64,MS2,83,expt10_03072024_sup,358,3.58,80.675,True,True,True,1.0,0.5,expt10_03072024_64,False,True,False
expt10_03072024,64,SARS-CoV-2,5757,expt10_03072024_sup,8646,86.46,80.675,True,True,True,1.0,0.5,expt10_03072024_64,True,False,False
expt10_03072024,64,murine_respirovirus,621,expt10_03072024_sup,2818,28.18,80.675,True,True,True,1.0,0.5,expt10_03072024_64,False,True,False
expt10_03072024,64,orthoreovirus_4,138,expt10_03072024_sup,577,5.77,80.675,True,True,True,1.0,0.5,expt10_03072024_64,False,True,False
expt10_03072024,64,zika,447,expt10_03072024_sup,2299,22.99,80.675,True,True,True,1.0,0.5,expt10_03072024_64,False,True,False
expt10_03072024,67,murine_respirovirus,781,expt10_03072024_sup,2818,28.18,80.675,True,True,True,1.0,0.5,expt10_03072024_67,False,True,False
expt10_03072024,67,orthoreovirus_4,137,expt10_03072024_sup,577,5.77,80.675,True,True,True,1.0,0.5,expt10_03072024_67,False,True,False
expt10_03072024,67,zika,674,expt10_03072024_sup,2299,22.99,80.675,True,True,True,1.0,0.5,expt10_03072024_67,False,True,False
expt10_03072024,73,murine_respirovirus,122,expt10_03072024_sup,2818,28.18,80.675,True,True,True,1.0,0.5,expt10_03072024_73,False,True,False
expt10_03072024,74,murine_respirovirus,98,expt10_03072024_sup,2818,28.18,80.675,True,True,True,1.0,0.5,expt10_03072024_74,False,True,False
expt10_03072024,74,zika,94,expt10_03072024_sup,2299,22.99,80.675,True,True,True,1.0,0.5,expt10_03072024_74,False,True,False
expt10_03072024,79,murine_respirovirus,269,expt10_03072024_sup,2818,28.18,80.675,True,True,True,1.0,0.5,expt10_03072024_79,False,True,False
expt10_03072024,79,zika,251,expt10_03072024_sup,2299,22.99,80.675,True,True,True,1.0,0.5,expt10_03072024_79,False,True,False
expt10_03072024,80,murine_respirovirus,179,expt10_03072024_sup,2818,28.18,80.675,True,True,True,1.0,0.5,expt10_03072024_80,False,True,False
expt10_03072024,80,zika,194,expt10_03072024_sup,2299,22.99,80.675,True,True,True,1.0,0.5,expt10_03072024_80,False,True,False
expt10A_17072024,3,SARS-CoV-2,4549,expt10A_17072024_sup,8353,83.53,95.47,True,True,True,1.0,0.5,expt10A_17072024_3,True,False,False
expt10A_17072024,4,SARS-CoV-2,3803,expt10A_17072024_sup,8353,83.53,95.47,True,True,True,1.0,0.5,expt10A_17072024_4,True,False,False
expt10A_17072024,5,Human_rubulavirus_2,167,expt10A_17072024_sup,335,3.35,95.47,True,True,True,1.0,0.5,expt10A_17072024_5,True,False,False
expt10A_17072024,6,Human_rubulavirus_2,168,expt10A_17072024_sup,335,3.35,95.47,True,True,True,1.0,0.5,expt10A_17072024_6,True,False,False
expt10A_17072024,9,murine_respirovirus,349,expt10A_17072024_sup,3516,35.16,95.47,True,True,True,1.0,0.5,expt10A_17072024_9,False,True,False
expt10A_17072024,9,zika,232,expt10A_17072024_sup,2771,27.71,95.47,True,True,True,1.0,0.5,expt10A_17072024_9,False,True,False
expt10A_17072024,10,murine_respirovirus,134,expt10A_17072024_sup,3516,35.16,95.47,True,True,True,1.0,0.5,expt10A_17072024_10,False,True,False
expt10A_17072024,11,murine_respirovirus,170,expt10A_17072024_sup,3516,35.16,95.47,True,True,True,1.0,0.5,expt10A_17072024_11,False,True,False
expt10A_17072024,12,RSVB_Human_Respiratory_syncytial_virus_9320,168,expt10A_17072024_sup,264,2.64,95.47,True,True,True,1.0,0.5,expt10A_17072024_12,True,False,False
expt10A_17072024,12,murine_respirovirus,249,expt10A_17072024_sup,3516,35.16,95.47,True,True,True,1.0,0.5,expt10A_17072024_12,False,True,False
expt10A_17072024,12,zika,171,expt10A_17072024_sup,2771,27.71,95.47,True,True,True,1.0,0.5,expt10A_17072024_12,False,True,False
expt10A_17072024,16,MS2,100,expt10A_17072024_sup,655,6.55,95.47,True,True,True,1.0,0.5,expt10A_17072024_16,False,True,False
expt10A_17072024,16,murine_respirovirus,360,expt10A_17072024_sup,3516,35.16,95.47,True,True,True,1.0,0.5,expt10A_17072024_16,False,True,False
expt10A_17072024,16,zika,319,expt10A_17072024_sup,2771,27.71,95.47,True,True,True,1.0,0.5,expt10A_17072024_16,False,True,False
expt10A_17072024,17,MS2,161,expt10A_17072024_sup,655,6.55,95.47,True,True,True,1.0,0.5,expt10A_17072024_17,False,True,False
expt10A_17072024,17,murine_respirovirus,555,expt10A_17072024_sup,3516,35.16,95.47,True,True,True,1.0,0.5,expt10A_17072024_17,False,True,False
expt10A_17072024,17,orthoreovirus_4,118,expt10A_17072024_sup,741,7.41,95.47,True,True,True,1.0,0.5,expt10A_17072024_17,False,True,False
expt10A_17072024,17,zika,493,expt10A_17072024_sup,2771,27.71,95.47,True,True,True,1.0,0.5,expt10A_17072024_17,False,True,False
expt10A_17072024,18,murine_respirovirus,431,expt10A_17072024_sup,3516,35.16,95.47,True,True,True,1.0,0.5,expt10A_17072024_18,False,True,False
expt10A_17072024,18,zika,438,expt10A_17072024_sup,2771,27.71,95.47,True,True,True,1.0,0.5,expt10A_17072024_18,False,True,False
expt10A_17072024,19,Human_rhinovirus_3,117,expt10A_17072024_sup,226,2.26,95.47,True,True,True,1.0,0.5,expt10A_17072024_19,False,False,True
expt10A_17072024,19,murine_respirovirus,133,expt10A_17072024_sup,3516,35.16,95.47,True,True,True,1.0,0.5,expt10A_17072024_19,False,True,False
expt10A_17072024,19,zika,120,expt10A_17072024_sup,2771,27.71,95.47,True,True,True,1.0,0.5,expt10A_17072024_19,False,True,False
expt10A_17072024,20,Human_rhinovirus_3,109,expt10A_17072024_sup,226,2.26,95.47,True,True,True,1.0,0.5,expt10A_17072024_20,False,False,True
expt10A_17072024,20,murine_respirovirus,125,expt10A_17072024_sup,3516,35.16,95.47,True,True,True,1.0,0.5,expt10A_17072024_20,False,True,False
expt10A_17072024,20,zika,111,expt10A_17072024_sup,2771,27.71,95.47,True,True,True,1.0,0.5,expt10A_17072024_20,False,True,False
Expt9A_SISPA_Katie,1,Human_metapneumovirus_isolate_00-1,82,Expt9A_SISPA_Katie,302,3.02,8.62,True,True,True,1.0,0.5,Expt9A_SISPA_Katie_1,True,False,False
Expt9A_SISPA_Katie,1,murine_respirovirus,24,Expt9A_SISPA_Katie,607,6.07,8.62,True,True,True,1.0,0.5,Expt9A_SISPA_Katie_1,False,True,False
Expt9A_SISPA_Katie,1,zika,35,Expt9A_SISPA_Katie,431,4.31,8.62,True,True,True,1.0,0.5,Expt9A_SISPA_Katie_1,False,True,False
Expt9A_SISPA_Katie,2,Human_metapneumovirus_isolate_00-1,48,Expt9A_SISPA_Katie,302,3.02,8.62,True,True,True,1.0,0.5,Expt9A_SISPA_Katie_2,True,False,False
Expt9A_SISPA_Katie,2,murine_respirovirus,19,Expt9A_SISPA_Katie,607,6.07,8.62,True,True,True,1.0,0.5,Expt9A_SISPA_Katie_2,False,True,False
Expt9A_SISPA_Katie,3,Human_metapneumovirus_isolate_00-1,166,Expt9A_SISPA_Katie,302,3.02,8.62,True,True,True,1.0,0.5,Expt9A_SISPA_Katie_3,True,False,False
Expt9A_SISPA_Katie,3,MS2,15,Expt9A_SISPA_Katie,93,0.93,8.62,True,True,True,1.0,0.5,Expt9A_SISPA_Katie_3,False,True,False
Expt9A_SISPA_Katie,3,murine_respirovirus,83,Expt9A_SISPA_Katie,607,6.07,8.62,True,True,True,1.0,0.5,Expt9A_SISPA_Katie_3,False,True,False
Expt9A_SISPA_Katie,3,orthoreovirus_4,18,Expt9A_SISPA_Katie,104,1.04,8.62,True,True,True,1.0,0.5,Expt9A_SISPA_Katie_3,False,True,False
Expt9A_SISPA_Katie,3,zika,73,Expt9A_SISPA_Katie,431,4.31,8.62,True,True,True,1.0,0.5,Expt9A_SISPA_Katie_3,False,True,False
Expt9A_SISPA_Katie,4,murine_respirovirus,91,Expt9A_SISPA_Katie,607,6.07,8.62,True,True,True,1.0,0.5,Expt9A_SISPA_Katie_4,False,True,False
Expt9A_SISPA_Katie,4,orthoreovirus_10,9,Expt9A_SISPA_Katie,52,0.52,8.62,True,True,True,1.0,0.5,Expt9A_SISPA_Katie_4,False,True,False
Expt9A_SISPA_Katie,4,orthoreovirus_4,15,Expt9A_SISPA_Katie,104,1.04,8.62,True,True,True,1.0,0.5,Expt9A_SISPA_Katie_4,False,True,False
Expt9A_SISPA_Katie,4,orthoreovirus_9,9,Expt9A_SISPA_Katie,30,0.3,8.62,True,True,True,1.0,0.5,Expt9A_SISPA_Katie_4,False,True,False
Expt9A_SISPA_Katie,4,zika,82,Expt9A_SISPA_Katie,431,4.31,8.62,True,True,True,1.0,0.5,Expt9A_SISPA_Katie_4,False,True,False
Expt9A_SISPA_Katie,7,MS2,36,Expt9A_SISPA_Katie,93,0.93,8.62,True,True,True,1.0,0.5,Expt9A_SISPA_Katie_7,False,True,False
Expt9A_SISPA_Katie,7,murine_respirovirus,246,Expt9A_SISPA_Katie,607,6.07,8.62,True,True,True,1.0,0.5,Expt9A_SISPA_Katie_7,False,True,False
Expt9A_SISPA_Katie,7,orthoreovirus_1,9,Expt9A_SISPA_Katie,19,0.19,8.62,True,True,True,1.0,0.5,Expt9A_SISPA_Katie_7,False,True,False
Expt9A_SISPA_Katie,7,orthoreovirus_10,18,Expt9A_SISPA_Katie,52,0.52,8.62,True,True,True,1.0,0.5,Expt9A_SISPA_Katie_7,False,True,False
Expt9A_SISPA_Katie,7,orthoreovirus_2,9,Expt9A_SISPA_Katie,17,0.17,8.62,True,True,True,1.0,0.5,Expt9A_SISPA_Katie_7,False,True,False
Expt9A_SISPA_Katie,7,orthoreovirus_4,49,Expt9A_SISPA_Katie,104,1.04,8.62,True,True,True,1.0,0.5,Expt9A_SISPA_Katie_7,False,True,False
Expt9A_SISPA_Katie,7,orthoreovirus_6,12,Expt9A_SISPA_Katie,14,0.14,8.62,True,True,True,1.0,0.5,Expt9A_SISPA_Katie_7,False,True,False
Expt9A_SISPA_Katie,7,orthoreovirus_7,10,Expt9A_SISPA_Katie,13,0.13,8.62,True,True,True,1.0,0.5,Expt9A_SISPA_Katie_7,False,True,False
Expt9A_SISPA_Katie,7,orthoreovirus_8,9,Expt9A_SISPA_Katie,16,0.16,8.62,True,True,True,1.0,0.5,Expt9A_SISPA_Katie_7,False,True,False
Expt9A_SISPA_Katie,7,orthoreovirus_9,14,Expt9A_SISPA_Katie,30,0.3,8.62,True,True,True,1.0,0.5,Expt9A_SISPA_Katie_7,False,True,False
Expt9A_SISPA_Katie,7,zika,141,Expt9A_SISPA_Katie,431,4.31,8.62,True,True,True,1.0,0.5,Expt9A_SISPA_Katie_7,False,True,False
Expt9A_SISPA_Katie,8,murine_respirovirus,10,Expt9A_SISPA_Katie,607,6.07,8.62,True,True,True,1.0,0.5,Expt9A_SISPA_Katie_8,False,True,False
Expt9A_SISPA_Katie,11,MS2,22,Expt9A_SISPA_Katie,93,0.93,8.62,True,True,True,1.0,0.5,Expt9A_SISPA_Katie_11,False,True,False
Expt9A_SISPA_Katie,11,murine_respirovirus,72,Expt9A_SISPA_Katie,607,6.07,8.62,True,True,True,1.0,0.5,Expt9A_SISPA_Katie_11,False,True,False
Expt9A_SISPA_Katie,11,orthoreovirus_4,11,Expt9A_SISPA_Katie,104,1.04,8.62,True,True,True,1.0,0.5,Expt9A_SISPA_Katie_11,False,True,False
Expt9A_SISPA_Katie,11,zika,56,Expt9A_SISPA_Katie,431,4.31,8.62,True,True,True,1.0,0.5,Expt9A_SISPA_Katie_11,False,True,False
Expt9A_SISPA_Katie,12,murine_respirovirus,19,Expt9A_SISPA_Katie,607,6.07,8.62,True,True,True,1.0,0.5,Expt9A_SISPA_Katie_12,False,True,False
Expt9A_SISPA_Katie,12,zika,14,Expt9A_SISPA_Katie,431,4.31,8.62,True,True,True,1.0,0.5,Expt9A_SISPA_Katie_12,False,True,False
Expt9A_SISPA_Katie,15,murine_respirovirus,39,Expt9A_SISPA_Katie,607,6.07,8.62,True,True,True,1.0,0.5,Expt9A_SISPA_Katie_15,False,True,False
Expt9A_SISPA_Katie,15,zika,30,Expt9A_SISPA_Katie,431,4.31,8.62,True,True,True,1.0,0.5,Expt9A_SISPA_Katie_15,False,True,False
SISPA_Expt8_batch1,1,murine_respirovirus,11932,SISPA_Expt8_batch1,245429,2454.29,2641.495,True,True,True,1.0,0.5,SISPA_Expt8_batch1_1,False,True,False
SISPA_Expt8_batch1,1,zika,7288,SISPA_Expt8_batch1,163415,1634.15,2641.495,True,True,True,1.0,0.5,SISPA_Expt8_batch1_1,False,True,False
SISPA_Expt8_batch1,2,murine_respirovirus,17780,SISPA_Expt8_batch1,245429,2454.29,2641.495,True,True,True,1.0,0.5,SISPA_Expt8_batch1_2,False,True,False
SISPA_Expt8_batch1,2,orthoreovirus_4,2688,SISPA_Expt8_batch1,33448,334.48,2641.495,True,True,True,1.0,0.5,SISPA_Expt8_batch1_2,False,True,False
SISPA_Expt8_batch1,2,zika,11166,SISPA_Expt8_batch1,163415,1634.15,2641.495,True,True,True,1.0,0.5,SISPA_Expt8_batch1_2,False,True,False
SISPA_Expt8_batch1,3,murine_respirovirus,38813,SISPA_Expt8_batch1,245429,2454.29,2641.495,True,True,True,1.0,0.5,SISPA_Expt8_batch1_3,False,True,False
SISPA_Expt8_batch1,3,orthoreovirus_4,3873,SISPA_Expt8_batch1,33448,334.48,2641.495,True,True,True,1.0,0.5,SISPA_Expt8_batch1_3,False,True,False
SISPA_Expt8_batch1,3,zika,22736,SISPA_Expt8_batch1,163415,1634.15,2641.495,True,True,True,1.0,0.5,SISPA_Expt8_batch1_3,False,True,False
SISPA_Expt8_batch1,4,murine_respirovirus,9335,SISPA_Expt8_batch1,245429,2454.29,2641.495,True,True,True,1.0,0.5,SISPA_Expt8_batch1_4,False,True,False
SISPA_Expt8_batch1,4,zika,6208,SISPA_Expt8_batch1,163415,1634.15,2641.495,True,True,True,1.0,0.5,SISPA_Expt8_batch1_4,False,True,False
SISPA_Expt8_batch1,5,murine_respirovirus,20746,SISPA_Expt8_batch1,245429,2454.29,2641.495,True,True,True,1.0,0.5,SISPA_Expt8_batch1_5,False,True,False
SISPA_Expt8_batch1,5,zika,13238,SISPA_Expt8_batch1,163415,1634.15,2641.495,True,True,True,1.0,0.5,SISPA_Expt8_batch1_5,False,True,False
SISPA_Expt8_batch1,6,Human_coronavirus_229E,4701,SISPA_Expt8_batch1,7607,76.07,2641.495,True,True,True,1.0,0.5,SISPA_Expt8_batch1_6,True,False,False
SISPA_Expt8_batch1,6,murine_respirovirus,7562,SISPA_Expt8_batch1,245429,2454.29,2641.495,True,True,True,1.0,0.5,SISPA_Expt8_batch1_6,False,True,False
SISPA_Expt8_batch1,6,zika,4817,SISPA_Expt8_batch1,163415,1634.15,2641.495,True,True,True,1.0,0.5,SISPA_Expt8_batch1_6,False,True,False
SISPA_Expt8_batch1,7,murine_respirovirus,10631,SISPA_Expt8_batch1,245429,2454.29,2641.495,True,True,True,1.0,0.5,SISPA_Expt8_batch1_7,False,True,False
SISPA_Expt8_batch1,7,zika,7975,SISPA_Expt8_batch1,163415,1634.15,2641.495,True,True,True,1.0,0.5,SISPA_Expt8_batch1_7,False,True,False
SISPA_Expt8_batch1,9,murine_respirovirus,34726,SISPA_Expt8_batch1,245429,2454.29,2641.495,True,True,True,1.0,0.5,SISPA_Expt8_batch1_9,False,True,False
SISPA_Expt8_batch1,9,orthoreovirus_4,3935,SISPA_Expt8_batch1,33448,334.48,2641.495,True,True,True,1.0,0.5,SISPA_Expt8_batch1_9,False,True,False
SISPA_Expt8_batch1,9,zika,22927,SISPA_Expt8_batch1,163415,1634.15,2641.495,True,True,True,1.0,0.5,SISPA_Expt8_batch1_9,False,True,False
SISPA_Expt8_batch1,10,murine_respirovirus,15863,SISPA_Expt8_batch1,245429,2454.29,2641.495,True,True,True,1.0,0.5,SISPA_Expt8_batch1_10,False,True,False
SISPA_Expt8_batch1,10,zika,11894,SISPA_Expt8_batch1,163415,1634.15,2641.495,True,True,True,1.0,0.5,SISPA_Expt8_batch1_10,False,True,False
SISPA_Expt8_batch1,11,Human_coronavirus_229E,2734,SISPA_Expt8_batch1,7607,76.07,2641.495,True,True,True,1.0,0.5,SISPA_Expt8_batch1_11,True,False,False
SISPA_Expt8_batch1,11,murine_respirovirus,6267,SISPA_Expt8_batch1,245429,2454.29,2641.495,True,True,True,1.0,0.5,SISPA_Expt8_batch1_11,False,True,False
SISPA_Expt8_batch1,11,zika,4643,SISPA_Expt8_batch1,163415,1634.15,2641.495,True,True,True,1.0,0.5,SISPA_Expt8_batch1_11,False,True,False
SISPA_Expt8_batch1,12,murine_respirovirus,6143,SISPA_Expt8_batch1,245429,2454.29,2641.495,True,True,True,1.0,0.5,SISPA_Expt8_batch1_12,False,True,False
SISPA_Expt8_batch1,12,zika,4528,SISPA_Expt8_batch1,163415,1634.15,2641.495,True,True,True,1.0,0.5,SISPA_Expt8_batch1_12,False,True,False
SISPA_Expt8_batch1,13,murine_respirovirus,12917,SISPA_Expt8_batch1,245429,2454.29,2641.495,True,True,True,1.0,0.5,SISPA_Expt8_batch1_13,False,True,False
SISPA_Expt8_batch1,13,zika,8956,SISPA_Expt8_batch1,163415,1634.15,2641.495,True,True,True,1.0,0.5,SISPA_Expt8_batch1_13,False,True,False
SISPA_Expt8_batch1,14,murine_respirovirus,26266,SISPA_Expt8_batch1,245429,2454.29,2641.495,True,True,True,1.0,0.5,SISPA_Expt8_batch1_14,False,True,False
SISPA_Expt8_batch1,14,orthoreovirus_4,3868,SISPA_Expt8_batch1,33448,334.48,2641.495,True,True,True,1.0,0.5,SISPA_Expt8_batch1_14,False,True,False
SISPA_Expt8_batch1,14,zika,18024,SISPA_Expt8_batch1,163415,1634.15,2641.495,True,True,True,1.0,0.5,SISPA_Expt8_batch1_14,False,True,False
SISPA_Expt8_batch1,15,murine_respirovirus,26335,SISPA_Expt8_batch1,245429,2454.29,2641.495,True,True,True,1.0,0.5,SISPA_Expt8_batch1_15,False,True,False
SISPA_Expt8_batch1,15,orthoreovirus_4,4478,SISPA_Expt8_batch1,33448,334.48,2641.495,True,True,True,1.0,0.5,SISPA_Expt8_batch1_15,False,True,False
SISPA_Expt8_batch1,15,zika,18910,SISPA_Expt8_batch1,163415,1634.15,2641.495,True,True,True,1.0,0.5,SISPA_Expt8_batch1_15,False,True,False
expt8_SISPA_batch2,33,murine_respirovirus,13500,expt8_SISPA_batch2,301843,3018.43,3258.12,True,True,True,1.0,0.5,expt8_SISPA_batch2_33,False,True,False
expt8_SISPA_batch2,33,zika,9278,expt8_SISPA_batch2,210518,2105.18,3258.12,True,True,True,1.0,0.5,expt8_SISPA_batch2_33,False,True,False
expt8_SISPA_batch2,34,murine_respirovirus,28989,expt8_SISPA_batch2,301843,3018.43,3258.12,True,True,True,1.0,0.5,expt8_SISPA_batch2_34,False,True,False
expt8_SISPA_batch2,34,zika,15042,expt8_SISPA_batch2,210518,2105.18,3258.12,True,True,True,1.0,0.5,expt8_SISPA_batch2_34,False,True,False
expt8_SISPA_batch2,35,murine_respirovirus,19328,expt8_SISPA_batch2,301843,3018.43,3258.12,True,True,True,1.0,0.5,expt8_SISPA_batch2_35,False,True,False
expt8_SISPA_batch2,35,zika,13462,expt8_SISPA_batch2,210518,2105.18,3258.12,True,True,True,1.0,0.5,expt8_SISPA_batch2_35,False,True,False
expt8_SISPA_batch2,36,murine_respirovirus,22920,expt8_SISPA_batch2,301843,3018.43,3258.12,True,True,True,1.0,0.5,expt8_SISPA_batch2_36,False,True,False
expt8_SISPA_batch2,36,zika,14312,expt8_SISPA_batch2,210518,2105.18,3258.12,True,True,True,1.0,0.5,expt8_SISPA_batch2_36,False,True,False
expt8_SISPA_batch2,37,murine_respirovirus,24324,expt8_SISPA_batch2,301843,3018.43,3258.12,True,True,True,1.0,0.5,expt8_SISPA_batch2_37,False,True,False
expt8_SISPA_batch2,37,orthoreovirus_4,3579,expt8_SISPA_batch2,49385,493.85,3258.12,True,True,True,1.0,0.5,expt8_SISPA_batch2_37,False,True,False
expt8_SISPA_batch2,37,zika,16284,expt8_SISPA_batch2,210518,2105.18,3258.12,True,True,True,1.0,0.5,expt8_SISPA_batch2_37,False,True,False
expt8_SISPA_batch2,38,murine_respirovirus,16343,expt8_SISPA_batch2,301843,3018.43,3258.12,True,True,True,1.0,0.5,expt8_SISPA_batch2_38,False,True,False
expt8_SISPA_batch2,38,zika,12509,expt8_SISPA_batch2,210518,2105.18,3258.12,True,True,True,1.0,0.5,expt8_SISPA_batch2_38,False,True,False
expt8_SISPA_batch2,39,murine_respirovirus,5213,expt8_SISPA_batch2,301843,3018.43,3258.12,True,True,True,1.0,0.5,expt8_SISPA_batch2_39,False,True,False
expt8_SISPA_batch2,39,zika,4543,expt8_SISPA_batch2,210518,2105.18,3258.12,True,True,True,1.0,0.5,expt8_SISPA_batch2_39,False,True,False
expt8_SISPA_batch2,40,murine_respirovirus,28367,expt8_SISPA_batch2,301843,3018.43,3258.12,True,True,True,1.0,0.5,expt8_SISPA_batch2_40,False,True,False
expt8_SISPA_batch2,40,orthoreovirus_4,4512,expt8_SISPA_batch2,49385,493.85,3258.12,True,True,True,1.0,0.5,expt8_SISPA_batch2_40,False,True,False
expt8_SISPA_batch2,40,zika,19571,expt8_SISPA_batch2,210518,2105.18,3258.12,True,True,True,1.0,0.5,expt8_SISPA_batch2_40,False,True,False
expt8_SISPA_batch2,41,murine_respirovirus,30417,expt8_SISPA_batch2,301843,3018.43,3258.12,True,True,True,1.0,0.5,expt8_SISPA_batch2_41,False,True,False
expt8_SISPA_batch2,41,orthoreovirus_4,5273,expt8_SISPA_batch2,49385,493.85,3258.12,True,True,True,1.0,0.5,expt8_SISPA_batch2_41,False,True,False
expt8_SISPA_batch2,41,zika,22400,expt8_SISPA_batch2,210518,2105.18,3258.12,True,True,True,1.0,0.5,expt8_SISPA_batch2_41,False,True,False
expt8_SISPA_batch2,42,murine_respirovirus,16302,expt8_SISPA_batch2,301843,3018.43,3258.12,True,True,True,1.0,0.5,expt8_SISPA_batch2_42,False,True,False
expt8_SISPA_batch2,42,zika,12118,expt8_SISPA_batch2,210518,2105.18,3258.12,True,True,True,1.0,0.5,expt8_SISPA_batch2_42,False,True,False
expt8_SISPA_batch2,43,murine_respirovirus,11805,expt8_SISPA_batch2,301843,3018.43,3258.12,True,True,True,1.0,0.5,expt8_SISPA_batch2_43,False,True,False
expt8_SISPA_batch2,43,zika,9258,expt8_SISPA_batch2,210518,2105.18,3258.12,True,True,True,1.0,0.5,expt8_SISPA_batch2_43,False,True,False
expt8_SISPA_batch2,44,murine_respirovirus,8819,expt8_SISPA_batch2,301843,3018.43,3258.12,True,True,True,1.0,0.5,expt8_SISPA_batch2_44,False,True,False
expt8_SISPA_batch2,44,zika,6897,expt8_SISPA_batch2,210518,2105.18,3258.12,True,True,True,1.0,0.5,expt8_SISPA_batch2_44,False,True,False
expt8_SISPA_batch2,45,murine_respirovirus,35549,expt8_SISPA_batch2,301843,3018.43,3258.12,True,True,True,1.0,0.5,expt8_SISPA_batch2_45,False,True,False
expt8_SISPA_batch2,45,orthoreovirus_4,6090,expt8_SISPA_batch2,49385,493.85,3258.12,True,True,True,1.0,0.5,expt8_SISPA_batch2_45,False,True,False
expt8_SISPA_batch2,45,zika,24824,expt8_SISPA_batch2,210518,2105.18,3258.12,True,True,True,1.0,0.5,expt8_SISPA_batch2_45,False,True,False
expt8_SISPA_batch2,47,murine_respirovirus,37226,expt8_SISPA_batch2,301843,3018.43,3258.12,True,True,True,1.0,0.5,expt8_SISPA_batch2_47,False,True,False
expt8_SISPA_batch2,47,orthoreovirus_4,6854,expt8_SISPA_batch2,49385,493.85,3258.12,True,True,True,1.0,0.5,expt8_SISPA_batch2_47,False,True,False
expt8_SISPA_batch2,47,zika,27750,expt8_SISPA_batch2,210518,2105.18,3258.12,True,True,True,1.0,0.5,expt8_SISPA_batch2_47,False,True,False
Expt7_SISPA_240124,59,murine_respirovirus,17059,Expt7_SISPA_240124,122329,1223.29,1759.24,True,True,True,1.0,0.5,Expt7_SISPA_240124_59,False,True,False
Expt7_SISPA_240124,59,orthoreovirus_4,3497,Expt7_SISPA_240124,22864,228.64,1759.24,True,True,True,1.0,0.5,Expt7_SISPA_240124_59,False,True,False
Expt7_SISPA_240124,59,zika,11687,Expt7_SISPA_240124,83804,838.04,1759.24,True,True,True,1.0,0.5,Expt7_SISPA_240124_59,False,True,False
Expt7_SISPA_240124,60,murine_respirovirus,31334,Expt7_SISPA_240124,122329,1223.29,1759.24,True,True,True,1.0,0.5,Expt7_SISPA_240124_60,False,True,False
Expt7_SISPA_240124,60,orthoreovirus_10,2141,Expt7_SISPA_240124,8369,83.69,1759.24,True,True,True,1.0,0.5,Expt7_SISPA_240124_60,False,True,False
Expt7_SISPA_240124,60,orthoreovirus_3,1825,Expt7_SISPA_240124,6589,65.89,1759.24,True,True,True,1.0,0.5,Expt7_SISPA_240124_60,False,True,False
Expt7_SISPA_240124,60,orthoreovirus_4,5993,Expt7_SISPA_240124,22864,228.64,1759.24,True,True,True,1.0,0.5,Expt7_SISPA_240124_60,False,True,False
Expt7_SISPA_240124,60,orthoreovirus_9,1796,Expt7_SISPA_240124,7128,71.28,1759.24,True,True,True,1.0,0.5,Expt7_SISPA_240124_60,False,True,False
Expt7_SISPA_240124,60,zika,21482,Expt7_SISPA_240124,83804,838.04,1759.24,True,True,True,1.0,0.5,Expt7_SISPA_240124_60,False,True,False
Expt7_SISPA_240124,61,RSVA_Human_respiratory_syncytial_virus_S2,4659,Expt7_SISPA_240124,40837,408.37,1759.24,True,True,True,1.0,0.5,Expt7_SISPA_240124_61,True,False,False
Expt7_SISPA_240124,61,murine_respirovirus,13915,Expt7_SISPA_240124,122329,1223.29,1759.24,True,True,True,1.0,0.5,Expt7_SISPA_240124_61,False,True,False
Expt7_SISPA_240124,61,orthoreovirus_4,2768,Expt7_SISPA_240124,22864,228.64,1759.24,True,True,True,1.0,0.5,Expt7_SISPA_240124_61,False,True,False
Expt7_SISPA_240124,61,zika,9742,Expt7_SISPA_240124,83804,838.04,1759.24,True,True,True,1.0,0.5,Expt7_SISPA_240124_61,False,True,False
Expt7_SISPA_240124,62,murine_respirovirus,15960,Expt7_SISPA_240124,122329,1223.29,1759.24,True,True,True,1.0,0.5,Expt7_SISPA_240124_62,False,True,False
Expt7_SISPA_240124,62,orthoreovirus_4,2844,Expt7_SISPA_240124,22864,228.64,1759.24,True,True,True,1.0,0.5,Expt7_SISPA_240124_62,False,True,False
Expt7_SISPA_240124,62,zika,10968,Expt7_SISPA_240124,83804,838.04,1759.24,True,True,True,1.0,0.5,Expt7_SISPA_240124_62,False,True,False
Expt7_SISPA_240124,63,Influenza_A_virus_A_New_York_392_2004H3N2_segment_1,4377,Expt7_SISPA_240124,4377,43.77,1759.24,True,True,True,1.0,0.5,Expt7_SISPA_240124_63,True,False,False
Expt7_SISPA_240124,63,Influenza_A_virus_A_New_York_392_2004H3N2_segment_2,3939,Expt7_SISPA_240124,3939,39.39,1759.24,True,True,True,1.0,0.5,Expt7_SISPA_240124_63,True,False,False
Expt7_SISPA_240124,63,Influenza_A_virus_A_New_York_392_2004H3N2_segment_3,2879,Expt7_SISPA_240124,2879,28.79,1759.24,True,True,True,1.0,0.5,Expt7_SISPA_240124_63,True,False,False
Expt7_SISPA_240124,63,Influenza_A_virus_A_New_York_392_2004H3N2_segment_4,5730,Expt7_SISPA_240124,5732,57.32,1759.24,True,True,True,1.0,0.5,Expt7_SISPA_240124_63,True,False,False
Expt7_SISPA_240124,63,Influenza_A_virus_A_New_York_392_2004H3N2_segment_5,5226,Expt7_SISPA_240124,5226,52.26,1759.24,True,True,True,1.0,0.5,Expt7_SISPA_240124_63,True,False,False
Expt7_SISPA_240124,63,Influenza_A_virus_A_New_York_392_2004H3N2_segment_6,3135,Expt7_SISPA_240124,3135,31.35,1759.24,True,True,True,1.0,0.5,Expt7_SISPA_240124_63,True,False,False
Expt7_SISPA_240124,63,murine_respirovirus,3441,Expt7_SISPA_240124,122329,1223.29,1759.24,True,True,True,1.0,0.5,Expt7_SISPA_240124_63,False,True,False
Expt7_SISPA_240124,63,zika,3266,Expt7_SISPA_240124,83804,838.04,1759.24,True,True,True,1.0,0.5,Expt7_SISPA_240124_63,False,True,False
Expt7_SISPA_240124,64,murine_respirovirus,6489,Expt7_SISPA_240124,122329,1223.29,1759.24,True,True,True,1.0,0.5,Expt7_SISPA_240124_64,False,True,False
Expt7_SISPA_240124,64,zika,4853,Expt7_SISPA_240124,83804,838.04,1759.24,True,True,True,1.0,0.5,Expt7_SISPA_240124_64,False,True,False
Expt7_SISPA_240124,71,murine_respirovirus,30781,Expt7_SISPA_240124,122329,1223.29,1759.24,True,True,True,1.0,0.5,Expt7_SISPA_240124_71,False,True,False
Expt7_SISPA_240124,71,orthoreovirus_10,2001,Expt7_SISPA_240124,8369,83.69,1759.24,True,True,True,1.0,0.5,Expt7_SISPA_240124_71,False,True,False
Expt7_SISPA_240124,71,orthoreovirus_4,4975,Expt7_SISPA_240124,22864,228.64,1759.24,True,True,True,1.0,0.5,Expt7_SISPA_240124_71,False,True,False
Expt7_SISPA_240124,71,orthoreovirus_9,1815,Expt7_SISPA_240124,7128,71.28,1759.24,True,True,True,1.0,0.5,Expt7_SISPA_240124_71,False,True,False
Expt7_SISPA_240124,71,zika,19275,Expt7_SISPA_240124,83804,838.04,1759.24,True,True,True,1.0,0.5,Expt7_SISPA_240124_71,False,True,False
Expt7_SISPA_240124,72,RSVA_Human_respiratory_syncytial_virus_S2,36156,Expt7_SISPA_240124,40837,408.37,1759.24,True,True,True,1.0,0.5,Expt7_SISPA_240124_72,True,False,False
Expt6_081223_SISPA1,34,murine_respirovirus,880,Expt6_081223_SISPA1,65140,651.4,741.57,True,True,True,1.0,0.5,Expt6_081223_SISPA1_34,False,True,False
Expt6_081223_SISPA1,35,murine_respirovirus,10207,Expt6_081223_SISPA1,65140,651.4,741.57,True,True,True,1.0,0.5,Expt6_081223_SISPA1_35,False,True,False
Expt6_081223_SISPA1,35,orthoreovirus_10,1020,Expt6_081223_SISPA1,5518,55.18,741.57,True,True,True,1.0,0.5,Expt6_081223_SISPA1_35,False,True,False
Expt6_081223_SISPA1,35,orthoreovirus_4,2222,Expt6_081223_SISPA1,11630,116.3,741.57,True,True,True,1.0,0.5,Expt6_081223_SISPA1_35,False,True,False
Expt6_081223_SISPA1,35,zika,8400,Expt6_081223_SISPA1,46876,468.76,741.57,True,True,True,1.0,0.5,Expt6_081223_SISPA1_35,False,True,False
Expt6_081223_SISPA1,36,murine_respirovirus,4173,Expt6_081223_SISPA1,65140,651.4,741.57,True,True,True,1.0,0.5,Expt6_081223_SISPA1_36,False,True,False
Expt6_081223_SISPA1,36,zika,2848,Expt6_081223_SISPA1,46876,468.76,741.57,True,True,True,1.0,0.5,Expt6_081223_SISPA1_36,False,True,False
Expt6_081223_SISPA1,37,murine_respirovirus,5954,Expt6_081223_SISPA1,65140,651.4,741.57,True,True,True,1.0,0.5,Expt6_081223_SISPA1_37,False,True,False
Expt6_081223_SISPA1,37,orthoreovirus_4,886,Expt6_081223_SISPA1,11630,116.3,741.57,True,True,True,1.0,0.5,Expt6_081223_SISPA1_37,False,True,False
Expt6_081223_SISPA1,37,zika,4141,Expt6_081223_SISPA1,46876,468.76,741.57,True,True,True,1.0,0.5,Expt6_081223_SISPA1_37,False,True,False
Expt6_081223_SISPA1,38,murine_respirovirus,820,Expt6_081223_SISPA1,65140,651.4,741.57,True,True,True,1.0,0.5,Expt6_081223_SISPA1_38,False,True,False
Expt6_081223_SISPA1,38,zika,771,Expt6_081223_SISPA1,46876,468.76,741.57,True,True,True,1.0,0.5,Expt6_081223_SISPA1_38,False,True,False
Expt6_081223_SISPA1,39,murine_respirovirus,10172,Expt6_081223_SISPA1,65140,651.4,741.57,True,True,True,1.0,0.5,Expt6_081223_SISPA1_39,False,True,False
Expt6_081223_SISPA1,39,orthoreovirus_10,887,Expt6_081223_SISPA1,5518,55.18,741.57,True,True,True,1.0,0.5,Expt6_081223_SISPA1_39,False,True,False
Expt6_081223_SISPA1,39,orthoreovirus_4,1650,Expt6_081223_SISPA1,11630,116.3,741.57,True,True,True,1.0,0.5,Expt6_081223_SISPA1_39,False,True,False
Expt6_081223_SISPA1,39,zika,7287,Expt6_081223_SISPA1,46876,468.76,741.57,True,True,True,1.0,0.5,Expt6_081223_SISPA1_39,False,True,False
Expt6_081223_SISPA1,40,murine_respirovirus,4697,Expt6_081223_SISPA1,65140,651.4,741.57,True,True,True,1.0,0.5,Expt6_081223_SISPA1_40,False,True,False
Expt6_081223_SISPA1,40,orthoreovirus_4,913,Expt6_081223_SISPA1,11630,116.3,741.57,True,True,True,1.0,0.5,Expt6_081223_SISPA1_40,False,True,False
Expt6_081223_SISPA1,40,zika,3417,Expt6_081223_SISPA1,46876,468.76,741.57,True,True,True,1.0,0.5,Expt6_081223_SISPA1_40,False,True,False
Expt6_081223_SISPA1,41,murine_respirovirus,9554,Expt6_081223_SISPA1,65140,651.4,741.57,True,True,True,1.0,0.5,Expt6_081223_SISPA1_41,False,True,False
Expt6_081223_SISPA1,41,orthoreovirus_10,796,Expt6_081223_SISPA1,5518,55.18,741.57,True,True,True,1.0,0.5,Expt6_081223_SISPA1_41,False,True,False
Expt6_081223_SISPA1,41,orthoreovirus_4,1797,Expt6_081223_SISPA1,11630,116.3,741.57,True,True,True,1.0,0.5,Expt6_081223_SISPA1_41,False,True,False
Expt6_081223_SISPA1,41,zika,6923,Expt6_081223_SISPA1,46876,468.76,741.57,True,True,True,1.0,0.5,Expt6_081223_SISPA1_41,False,True,False
Expt6_081223_SISPA2,43,murine_respirovirus,1560,Expt6_081223_SISPA2,94557,945.57,1135.11,True,True,True,1.0,0.5,Expt6_081223_SISPA2_43,False,True,False
Expt6_081223_SISPA2,44,murine_respirovirus,1302,Expt6_081223_SISPA2,94557,945.57,1135.11,True,True,True,1.0,0.5,Expt6_081223_SISPA2_44,False,True,False
Expt6_081223_SISPA2,45,Human_parainfluenza_virus_3,2219,Expt6_081223_SISPA2,21023,210.23,1135.11,True,True,True,1.0,0.5,Expt6_081223_SISPA2_45,False,False,True
Expt6_081223_SISPA2,45,murine_respirovirus,20975,Expt6_081223_SISPA2,94557,945.57,1135.11,True,True,True,1.0,0.5,Expt6_081223_SISPA2_45,False,True,False
Expt6_081223_SISPA2,45,orthoreovirus_10,1859,Expt6_081223_SISPA2,7389,73.89,1135.11,True,True,True,1.0,0.5,Expt6_081223_SISPA2_45,False,True,False
Expt6_081223_SISPA2,45,orthoreovirus_4,3338,Expt6_081223_SISPA2,14960,149.6,1135.11,True,True,True,1.0,0.5,Expt6_081223_SISPA2_45,False,True,False
Expt6_081223_SISPA2,45,orthoreovirus_9,1416,Expt6_081223_SISPA2,5167,51.67,1135.11,True,True,True,1.0,0.5,Expt6_081223_SISPA2_45,False,True,False
Expt6_081223_SISPA2,45,zika,14338,Expt6_081223_SISPA2,62520,625.2,1135.11,True,True,True,1.0,0.5,Expt6_081223_SISPA2_45,False,True,False
Expt6_081223_SISPA2,46,Human_parainfluenza_virus_3,4361,Expt6_081223_SISPA2,21023,210.23,1135.11,True,True,True,1.0,0.5,Expt6_081223_SISPA2_46,True,False,False
Expt6_081223_SISPA2,46,murine_respirovirus,4627,Expt6_081223_SISPA2,94557,945.57,1135.11,True,True,True,1.0,0.5,Expt6_081223_SISPA2_46,False,True,False
Expt6_081223_SISPA2,46,zika,3075,Expt6_081223_SISPA2,62520,625.2,1135.11,True,True,True,1.0,0.5,Expt6_081223_SISPA2_46,False,True,False
Expt6_081223_SISPA2,47,Human_parainfluenza_virus_3,14435,Expt6_081223_SISPA2,21023,210.23,1135.11,True,True,True,1.0,0.5,Expt6_081223_SISPA2_47,True,False,False
Expt6_081223_SISPA2,47,murine_respirovirus,5595,Expt6_081223_SISPA2,94557,945.57,1135.11,True,True,True,1.0,0.5,Expt6_081223_SISPA2_47,False,True,False
Expt6_081223_SISPA2,47,zika,3571,Expt6_081223_SISPA2,62520,625.2,1135.11,True,True,True,1.0,0.5,Expt6_081223_SISPA2_47,False,True,False
Expt6_081223_SISPA2,48,murine_respirovirus,5529,Expt6_081223_SISPA2,94557,945.57,1135.11,True,True,True,1.0,0.5,Expt6_081223_SISPA2_48,False,True,False
Expt6_081223_SISPA2,48,zika,3587,Expt6_081223_SISPA2,62520,625.2,1135.11,True,True,True,1.0,0.5,Expt6_081223_SISPA2_48,False,True,False
Expt6_081223_SISPA2,49,murine_respirovirus,3197,Expt6_081223_SISPA2,94557,945.57,1135.11,True,True,True,1.0,0.5,Expt6_081223_SISPA2_49,False,True,False
Expt6_081223_SISPA2,49,zika,2035,Expt6_081223_SISPA2,62520,625.2,1135.11,True,True,True,1.0,0.5,Expt6_081223_SISPA2_49,False,True,False
Expt6_081223_SISPA2,50,murine_respirovirus,2801,Expt6_081223_SISPA2,94557,945.57,1135.11,True,True,True,1.0,0.5,Expt6_081223_SISPA2_50,False,True,False
Expt6_081223_SISPA2,50,zika,1926,Expt6_081223_SISPA2,62520,625.2,1135.11,True,True,True,1.0,0.5,Expt6_081223_SISPA2_50,False,True,False
Expt6_081223_SISPA2,51,murine_respirovirus,22186,Expt6_081223_SISPA2,94557,945.57,1135.11,True,True,True,1.0,0.5,Expt6_081223_SISPA2_51,False,True,False
Expt6_081223_SISPA2,51,orthoreovirus_10,1472,Expt6_081223_SISPA2,7389,73.89,1135.11,True,True,True,1.0,0.5,Expt6_081223_SISPA2_51,False,True,False
Expt6_081223_SISPA2,51,orthoreovirus_4,3702,Expt6_081223_SISPA2,14960,149.6,1135.11,True,True,True,1.0,0.5,Expt6_081223_SISPA2_51,False,True,False
Expt6_081223_SISPA2,51,zika,16617,Expt6_081223_SISPA2,62520,625.2,1135.11,True,True,True,1.0,0.5,Expt6_081223_SISPA2_51,False,True,False
fractionated_SISPA_run1,33,Human_coronavirus_OC43_strain_ATCC_VR-759,11202,fractionated_SISPA_run1,33198,331.98,206.925,True,True,True,1.0,0.5,fractionated_SISPA_run1_33,True,False,False
fractionated_SISPA_run1,33,murine_respirovirus,396,fractionated_SISPA_run1,4262,42.62,206.925,True,True,True,1.0,0.5,fractionated_SISPA_run1_33,False,True,False
fractionated_SISPA_run1,33,zika,250,fractionated_SISPA_run1,2633,26.33,206.925,True,True,True,1.0,0.5,fractionated_SISPA_run1_33,False,True,False
fractionated_SISPA_run1,34,Human_coronavirus_OC43_strain_ATCC_VR-759,5274,fractionated_SISPA_run1,33198,331.98,206.925,True,True,True,1.0,0.5,fractionated_SISPA_run1_34,True,False,False
fractionated_SISPA_run1,34,murine_respirovirus,622,fractionated_SISPA_run1,4262,42.62,206.925,True,True,True,1.0,0.5,fractionated_SISPA_run1_34,False,True,False
fractionated_SISPA_run1,34,zika,316,fractionated_SISPA_run1,2633,26.33,206.925,True,True,True,1.0,0.5,fractionated_SISPA_run1_34,False,True,False
fractionated_SISPA_run1,35,Human_coronavirus_OC43_strain_ATCC_VR-759,16719,fractionated_SISPA_run1,33198,331.98,206.925,True,True,True,1.0,0.5,fractionated_SISPA_run1_35,True,False,False
fractionated_SISPA_run1,35,murine_respirovirus,798,fractionated_SISPA_run1,4262,42.62,206.925,True,True,True,1.0,0.5,fractionated_SISPA_run1_35,False,True,False
fractionated_SISPA_run1,35,zika,363,fractionated_SISPA_run1,2633,26.33,206.925,True,True,True,1.0,0.5,fractionated_SISPA_run1_35,False,True,False
fractionated_SISPA_run1,39,murine_respirovirus,282,fractionated_SISPA_run1,4262,42.62,206.925,True,True,True,1.0,0.5,fractionated_SISPA_run1_39,False,True,False
fractionated_SISPA_run1,40,murine_respirovirus,1798,fractionated_SISPA_run1,4262,42.62,206.925,True,True,True,1.0,0.5,fractionated_SISPA_run1_40,False,True,False
fractionated_SISPA_run1,40,orthoreovirus_4,233,fractionated_SISPA_run1,482,4.82,206.925,True,True,True,1.0,0.5,fractionated_SISPA_run1_40,False,True,False
fractionated_SISPA_run1,40,zika,1269,fractionated_SISPA_run1,2633,26.33,206.925,True,True,True,1.0,0.5,fractionated_SISPA_run1_40,False,True,False
fractionated_SISPA_run1,41,murine_respirovirus,304,fractionated_SISPA_run1,4262,42.62,206.925,True,True,True,1.0,0.5,fractionated_SISPA_run1_41,False,True,False
fractionated_SISPA_run2,44,Human_parainfluenza_virus_4a_viral_cRNA,1389,fractionated_SISPA_run2,1695,16.95,1060.94,True,True,True,1.0,0.5,fractionated_SISPA_run2_44,True,False,False
fractionated_SISPA_run2,44,murine_respirovirus,2620,fractionated_SISPA_run2,16737,167.37,1060.94,True,True,True,1.0,0.5,fractionated_SISPA_run2_44,False,True,False
fractionated_SISPA_run2,44,zika,2072,fractionated_SISPA_run2,14630,146.3,1060.94,True,True,True,1.0,0.5,fractionated_SISPA_run2_44,False,True,False
fractionated_SISPA_run2,45,murine_respirovirus,5486,fractionated_SISPA_run2,16737,167.37,1060.94,True,True,True,1.0,0.5,fractionated_SISPA_run2_45,False,True,False
fractionated_SISPA_run2,45,zika,4229,fractionated_SISPA_run2,14630,146.3,1060.94,True,True,True,1.0,0.5,fractionated_SISPA_run2_45,False,True,False
fractionated_SISPA_run2,46,RSVB_Human_Respiratory_syncytial_virus_9320,65184,fractionated_SISPA_run2,169581,1695.81,1060.94,True,True,True,1.0,0.5,fractionated_SISPA_run2_46,False,False,True
fractionated_SISPA_run2,46,murine_respirovirus,1277,fractionated_SISPA_run2,16737,167.37,1060.94,True,True,True,1.0,0.5,fractionated_SISPA_run2_46,False,True,False
fractionated_SISPA_run2,47,RSVB_Human_Respiratory_syncytial_virus_9320,72011,fractionated_SISPA_run2,169581,1695.81,1060.94,True,True,True,1.0,0.5,fractionated_SISPA_run2_47,False,False,True
fractionated_SISPA_run2,47,murine_respirovirus,1699,fractionated_SISPA_run2,16737,167.37,1060.94,True,True,True,1.0,0.5,fractionated_SISPA_run2_47,False,True,False
fractionated_SISPA_run2,47,zika,1340,fractionated_SISPA_run2,14630,146.3,1060.94,True,True,True,1.0,0.5,fractionated_SISPA_run2_47,False,True,False
fractionated_SISPA_run2,48,RSVB_Human_Respiratory_syncytial_virus_9320,32243,fractionated_SISPA_run2,169581,1695.81,1060.94,True,True,True,1.0,0.5,fractionated_SISPA_run2_48,False,False,True
fractionated_SISPA_run2,48,murine_respirovirus,2387,fractionated_SISPA_run2,16737,167.37,1060.94,True,True,True,1.0,0.5,fractionated_SISPA_run2_48,False,True,False
fractionated_SISPA_run2,48,zika,2063,fractionated_SISPA_run2,14630,146.3,1060.94,True,True,True,1.0,0.5,fractionated_SISPA_run2_48,False,True,False
fractionated_SISPA_run2,51,murine_respirovirus,1996,fractionated_SISPA_run2,16737,167.37,1060.94,True,True,True,1.0,0.5,fractionated_SISPA_run2_51,False,True,False
fractionated_SISPA_run2,51,zika,2803,fractionated_SISPA_run2,14630,146.3,1060.94,True,True,True,1.0,0.5,fractionated_SISPA_run2_51,False,True,False
